query_id,query_original,pair_index,question,answer,retrieved_doc_ids,expected_doc_ids,recall_at_k,faithfulness,answer_relevancy,generator_status,status,error,latency_ms
q0,retrieval augmented generation,0,"Pués, ¿qué es el método de optimización colaborativa que se presenta en el artículo ""A Method for Improving Retrieval Effectiveness in RAG""?","El método de optimización colaborativa se presenta en el artículo ""A Method for Improving Retrieval Effectiveness in RAG"" como un enfoque de optimización global mediante el grid search para ajustar las ponderaciones de la recuperación de texto. Este método permite un equilibrio entre la recuperación basada en términos y la recuperación semántica, lo que mejora la eficiencia y precisión de la recuperación de texto en el contexto de la generación a través de recuperación (RAG).",doc_global_15|doc_global_28|doc_global_9,doc_global_1|doc_global_2|doc_global_3,0.0,0.7143,0.8605,success,ok,,36304.89
q0,retrieval augmented generation,1,"¿Qué estrategia de recuperación recursiva se introduce en el artículo ""A Method for Improving Retrieval Effectiveness in RAG""?","En el artículo ""A Method for Improving Retrieval Effectiveness in RAG"", se introduce una estrategia de recuperación recursiva para mejorar la cobertura de conocimientos secundarios y documentos estructurados complejos a través de análisis gránulos y recuperación progresiva. Esta estrategia permite una mejor recuperación de información relevante y compleja, lo que mejora la precisión y la cobertura semántica de la recuperación de texto.",doc_global_15|doc_global_28|doc_global_9,doc_global_1|doc_global_2|doc_global_3,0.0,0.8,0.8037,success,ok,,34011.45
q0,retrieval augmented generation,2,"¿Qué métricas adicionales se incorporan en el sistema de evaluación ""UniEval-RAG"" para evaluar la coherencia estructural y la completitud semántica de la cuchara?","En el sistema de evaluación ""UniEval-RAG"", se incorporan métricas adicionales como la densidad de palabras clave y la cobertura de palabras clave para evaluar la coherencia estructural y la completitud semántica de la cuchara. Estas métricas ayudan a identificar barreras de rendimiento y ofrecen insights interpretables para guiar la optimización de los sistemas RAG.",doc_global_15|doc_global_28|doc_global_9,doc_global_1|doc_global_2|doc_global_3,0.0,0.75,0.8118,success,ok,,28938.82
q1,dense passage retrieval,0,Pregunta 1,Pregunta 1 respuesta,doc_global_5|doc_global_15|doc_global_6,doc_global_4|doc_global_5|doc_global_6,0.6667,0.0,0.7066,success,ok,,9977.79
q1,dense passage retrieval,1,Pregunta 2,Pregunta 2 respuesta,doc_global_5|doc_global_15|doc_global_6,doc_global_4|doc_global_5|doc_global_6,0.6667,0.0,0.7166,success,ok,,10670.7
q1,dense passage retrieval,2,Pregunta 3,Pregunta 3 respuesta,doc_global_5|doc_global_15|doc_global_6,doc_global_4|doc_global_5|doc_global_6,0.6667,0.0,0.6879,success,ok,,9072.13
q2,hybrid search in information retrieval,0,¿Qué método se utiliza para mejorar la recuperación de texto en entornos de generación asistida por recuperación?,"El método utilizado para mejorar la recuperación de texto en entornos de generación asistida por recuperación es un método colaborativo que combina recuperación híbrida, optimización de parámetros grid y recuperación recursiva.",doc_global_15|doc_global_8|doc_global_14,doc_global_7|doc_global_8|doc_global_9,0.3333,1.0,0.879,success,ok,,16187.17
q2,hybrid search in information retrieval,1,¿Cómo se balancea la recuperación basada en términos (BM25) y la recuperación semántica (DPR)?,Se balancea la recuperación basada en términos (BM25) y la recuperación semántica (DPR) mediante la ajuste dinámico de pesos.,doc_global_15|doc_global_8|doc_global_14,doc_global_7|doc_global_8|doc_global_9,0.3333,1.0,0.9114,success,ok,,15316.18
q2,hybrid search in information retrieval,2,¿Qué algoritmo se utiliza para la globalización de pesos de recuperación híbrida?,Se utiliza un algoritmo de optimización grid para la globalización de pesos de recuperación híbrida.,doc_global_15|doc_global_8|doc_global_14,doc_global_7|doc_global_8|doc_global_9,0.3333,1.0,0.8396,success,ok,,13685.68
q3,vector database indexing algorithms,0,¿Cuál es la principal ventaja de la indexación vectorizada en términos de eficiencia semántica?,"La indexación vectorizada alcanzó un recall@10 de hasta 0.94, superando significativamente a los métodos de búsqueda basados en texto en términos de eficiencia semántica.",doc_global_10|doc_global_11|doc_global_12,doc_global_10|doc_global_11|doc_global_12,1.0,1.0,0.853,success,ok,,11986.89
q3,vector database indexing algorithms,1,¿Qué métrica se utilizó para evaluar la eficiencia semántica de los métodos de indexación vectorizado?,"Se midieron métricas como tiempo de consulta promedio, latencia (95%), tamaño del índice, uso de memoria, y métrica de completitud de búsqueda (recall@10) en comparación con el método BM25.",doc_global_10|doc_global_11|doc_global_12,doc_global_10|doc_global_11|doc_global_12,1.0,1.0,0.724,success,ok,,18668.46
q3,vector database indexing algorithms,2,¿Qué tipo de algoritmos de indexación se compararon en el estudio sobre indexación vectorizado?,"El estudio compara métodos de indexación tradicionales (B-Tree, GIN en PostgreSQL) con algoritmos de indexación vectorizados utilizando embeddings de Sentence-BERT implementados en FAISS y Milvus.",doc_global_10|doc_global_11|doc_global_12,doc_global_10|doc_global_11|doc_global_12,1.0,1.0,0.7949,success,ok,,18231.73
q4,bm25 text retrieval optimization,0,¿Cómo se optimiza la recuperación de texto en sistemas de información basados en BM25?,"Se utiliza un enfoque de recuperación de texto basado en BM25 que integra modelos de ranking neuronales y embeddings lexicales utilizando modelos de transformador y ponderación contextual. Se validó utilizando conjuntos de datos MS-MARCO y TREC-CAR y demostró un aumento del 25-30% en la recall y un 12% en MAP, con una mejora en la satisfacción del usuario del 15-20% especialmente para consultas ambigas o específicas del dominio.",doc_global_9|doc_global_14|doc_global_15,doc_global_13|doc_global_14|doc_global_15,0.6667,1.0,0.691,success,ok,,35943.47
q4,bm25 text retrieval optimization,1,¿Qué métodos se utilizan para mejorar la recuperación de texto en entornos de generación asistida por recuperación (RAG)?,"El artículo presenta un método de optimización colaborativa para el procesamiento de texto en entornos de generación asistida por recuperación (RAG). Este método combina técnicas de recuperación de texto híbrida, optimización de parámetros grid y recuperación jerárquica recursiva para mejorar la recuperación de texto en diferentes escenarios de consulta. Además, se introduce una estrategia de recuperación recursiva para aumentar la cobertura de conocimientos secundarios y documentos estructurados, utilizando análisis de grados multi-granulares y recuperación progresiva.",doc_global_9|doc_global_14|doc_global_15,doc_global_13|doc_global_14|doc_global_15,0.6667,1.0,0.6234,success,ok,,28398.34
q4,bm25 text retrieval optimization,2,¿Qué métodos se utilizan para mejorar la recuperación de texto en sistemas de información basados en BM25?,"Se utiliza un enfoque de recuperación de texto basado en BM25 que integra modelos de ranking neuronales y embeddings lexicales utilizando modelos de transformador y ponderación contextual. Se validó utilizando conjuntos de datos MS-MARCO y TREC-CAR y demostró un aumento del 25-30% en la recall y un 12% en MAP, con una mejora en la satisfacción del usuario del 15-20% especialmente para consultas ambigas o específicas del dominio.",doc_global_9|doc_global_14|doc_global_15,doc_global_13|doc_global_14|doc_global_15,0.6667,1.0,0.6694,success,ok,,32900.41
q5,query expansion techniques in search engines,0,¿Cuál es la principal diferencia entre los métodos tradicionales de expansión de consultas y las técnicas avanzadas como BERT-embedding y Citation Network Analysis (CNA)?,"Los métodos tradicionales de expansión de consultas, como la expansión por sinonimos, son limitados en su capacidad para proporcionar resultados relevantes y diversificados. En contraste, las técnicas avanzadas como BERT-embedding y Citation Network Analysis (CNA) incorporan el contexto real y las preferencias del usuario, lo que permite obtener resultados más precisos y personalizados.",doc_global_16|doc_global_18|doc_global_10,doc_global_16|doc_global_17|doc_global_18,0.6667,0.5556,0.8206,success,ok,,40595.03
q5,query expansion techniques in search engines,1,¿Qué aspectos del estudio de BERT-embedding y CNA se destacan para mejorar la eficiencia de la búsqueda académica?,"El estudio de BERT-embedding y CNA se centra en la integración de real-time contexto y preferencias del usuario para mejorar la precisión y personalización de la búsqueda académica. Además, utiliza técnicas de aprendizaje profundo para optimizar índices vectoriales, lo que resulta en mejores metadatos y métricas de búsqueda.",doc_global_16|doc_global_18|doc_global_10,doc_global_16|doc_global_17|doc_global_18,0.6667,0.2222,0.7509,success,ok,,36092.16
q5,query expansion techniques in search engines,2,¿Qué métricas se utilizaron para evaluar la eficacia de los índices vectoriales en la búsqueda académica?,"Los índices vectoriales se evaluaron utilizando métricas como el tiempo de consulta promedio, la latencia (95%), el tamaño del índice, la memoria utilizada y la métrica de completitud (recall@10) en relación con la búsqueda basada en BM25. Los resultados demostraron que los índices vectoriales alcanzaron un recall@10 de 95%, lo que indica una mejora significativa en la precisión de la búsqueda académica.",doc_global_16|doc_global_18|doc_global_10,doc_global_16|doc_global_17|doc_global_18,0.6667,0.7143,0.9012,success,ok,,25460.55
q6,hypothetical document embeddings hyde,0,¿Qué es SC-HyDE y cómo funciona?,"SC-HyDE es un sistema de generación basado en la reflexión que combina generación expandida con filtrado de reflexión. Utiliza Hypothetical Document Embeddings (HyDE) para generar una análisis legal imaginativo, que se utiliza para cubrir el giro semántico y restaurar la precisión de la recuperación. Incorpora un módulo de corrección de auto-reflexión para comparar la relevancia de los documentos recuperados con la consulta original, excluyendo la recuperación antes de la segunda etapa.",doc_global_19|doc_global_20|doc_global_21,doc_global_19|doc_global_20|doc_global_21,1.0,1.0,0.8631,success,ok,,25547.03
q6,hypothetical document embeddings hyde,1,¿Qué es Hyde y cómo se utiliza?,Hyde es un algoritmo de aprendizaje automático. Los embeddings documentales hipotéticos son una técnica para representar documentos en un espacio de vectores. Hyde es utilizado para generar embeddings documentales hipotéticos. Los embeddings documentales hipotéticos son una herramienta para comparar y clasificar documentos. Hyde es una herramienta para la representación de documentos en un espacio de vectores.,doc_global_19|doc_global_20|doc_global_21,doc_global_19|doc_global_20|doc_global_21,1.0,1.0,0.7654,success,ok,,18967.02
q6,hypothetical document embeddings hyde,2,¿Qué mejoras ha logrado SC-HyDE en comparación con otros sistemas?,"SC-HyDE ha superado los niveles de RAG y HyDE, reduciendo el porcentaje de falso información del 88,33% a 25,06% y el porcentaje de hallucinación del 25,68% a 13,61%.",doc_global_19|doc_global_20|doc_global_21,doc_global_19|doc_global_20|doc_global_21,1.0,1.0,0.7639,success,ok,,16247.57
q7,reranking models for information retrieval,0,¿Cuál es la principal diferencia entre los modelos de re-ranking utilizados en la recuperación de documentos y los modelos neuronales avanzados como los encadenadores cruzados y los modelos de generación secuencial?,"Los modelos de re-ranking utilizados en la recuperación de documentos, como los encadenadores cruzados y los modelos de generación secuencial como T5, son fundamentales en la evolución de los modelos de re-ranking. Estos modelos se basan en técnicas de aprendizaje automático y redes neuronales para mejorar la eficiencia y precisión de la recuperación de información. Por otro lado, los modelos neuronales avanzados como los encadenadores cruzados y los modelos de generación secuencial son desarrollados específicamente para la recuperación de información estructural, lo que los hace más eficientes en términos de precisión y eficiencia.",doc_global_22|doc_global_14|doc_global_23,doc_global_22|doc_global_23|doc_global_24,0.6667,0.4615,0.8157,success,ok,,45422.37
q7,reranking models for information retrieval,1,¿Qué técnicas se utilizan para mejorar la eficiencia de los modelos de re-ranking?,"Para mejorar la eficiencia de los modelos de re-ranking, se utilizan técnicas como la distilación de conocimiento. Esta técnica se utiliza para crear alternativas más eficientes a partir de modelos más grandes, lo que reduce la necesidad de recursos computacionales y mejora la precisión del modelo.",doc_global_22|doc_global_14|doc_global_23,doc_global_22|doc_global_23|doc_global_24,0.6667,0.25,0.7708,success,ok,,20156.65
q7,reranking models for information retrieval,2,¿Qué estrategias se utilizan para mejorar la satisfacción del usuario en el proceso de re-ranking?,"En el proceso de re-ranking, se utilizan estrategias como la fine-tuning de modelos de LLMs para mejorar la satisfacción del usuario. Además, se examinan técnicas como la distilación de conocimiento para crear alternativas más eficientes, lo que aumenta la eficiencia del modelo y mejora la precisión del proceso de re-ranking.",doc_global_22|doc_global_14|doc_global_23,doc_global_22|doc_global_23|doc_global_24,0.6667,0.6667,0.8502,success,ok,,25090.94
