query_id,query_original,hyde_ms,bm25_ms,retrieve_ms,compression_ms,generation_ms,generator_total_ms,end_to_end_ms,n_qa_pairs,generator_status,status,error
q0,retrieval augmented generation,4511.13,13.42,4524.55,19637.99,14955.6,34593.6,39118.25,3,success,ok,
q1,dense passage retrieval,2770.24,11.08,2781.32,16454.25,7648.17,24102.45,26883.86,3,success,ok,
q2,hybrid search in information retrieval,1889.32,9.77,1899.09,16451.62,11128.92,27580.56,29479.73,3,success,ok,
q3,vector database indexing algorithms,3248.79,13.3,3262.08,22387.95,14739.61,37127.58,40389.77,3,success,ok,
q4,bm25 text retrieval optimization,3359.47,8.64,3368.11,25184.62,23871.45,49056.08,52424.28,3,success,ok,
q5,query expansion techniques in search engines,2348.84,8.92,2357.76,20771.0,14212.6,34983.62,37341.48,3,success,ok,
q6,hypothetical document embeddings hyde,3328.47,8.91,3337.39,23228.7,20443.98,43672.7,47010.17,3,success,ok,
q7,reranking models for information retrieval,2720.69,11.87,2732.56,20227.94,16809.17,37037.13,39769.78,3,success,ok,
q8,cross-encoder for semantic search,2315.82,9.23,2325.05,21183.68,16146.08,37329.78,39654.9,3,success,ok,
q9,evaluation metrics for RAG systems,1739.01,6.39,1745.4,20568.61,14551.33,35119.96,36865.42,3,success,ok,
q10,knowledge graph enhanced retrieval,2423.36,8.78,2432.14,20170.71,12857.52,33028.27,35460.49,3,success,ok,
q11,multi-vector retrieval models,2452.52,11.18,2463.7,18074.59,19855.02,37929.63,40393.41,1,partial: se guardaron 1 de 3 pares válidos,ok,
q12,sparse and dense embeddings fusion,2421.5,10.83,2432.33,19865.33,12502.75,32368.1,34800.51,3,success,ok,
q13,document parsing techniques for rag,2779.26,9.83,2789.09,21242.9,15489.83,36732.75,39521.91,3,success,ok,
q14,semantic caching in language models,1833.45,8.09,1841.55,20659.3,11397.88,32057.2,33898.82,3,success,ok,
